"bruker_code","larmor_short","category"
"TPTG","TG_mg_dl","Clinical Parameters"
"TPCH","CHOL_mg_dl","Clinical Parameters"
"LDCH","LDL_CHOL_mg_dl","Clinical Parameters"
"HDCH","HDL_CHOL_mg_dl","Clinical Parameters"
"TPA1","ApoA1_mg_dl","Clinical Parameters"
"TPA2","ApoA2_mg_dl","Clinical Parameters"
"TPAB","ApoB100_mg_dl","Clinical Parameters"
"LDHD","LDL_CHOL_HDL_CHOL","Calculated Figures"
"ABA1","Apo-B100_ApoA1","Calculated Figures"
"TBPN","Total_Particles_ApoB_nmol_l","Total Particle Number"
"VLPN","VLDL_Particles_nmol_l","Lipoprotein Main Fractions - Particle Numbers"
"IDPN","IDL_Particles_nmol_l","Lipoprotein Main Fractions - Particle Numbers"
"LDPN","LDL_Particles_nmol_l","Lipoprotein Main Fractions - Particle Numbers"
"HDPN","HDL_Particles_nmol_l","Lipoprotein Main Fractions - Particle Numbers"
"L1PN","LDL_1_Particles_nmol_l","LDL Subfraction Particle Numbers"
"L2PN","LDL_2_Particles_nmol_l","LDL Subfraction Particle Numbers"
"L3PN","LDL_3_Particles_nmol_l","LDL Subfraction Particle Numbers"
"L4PN","LDL_4_Particles_nmol_l","LDL Subfraction Particle Numbers"
"L5PN","LDL_5_Particles_nmol_l","LDL Subfraction Particle Numbers"
"L6PN","LDL_6_Particles_nmol_l","LDL Subfraction Particle Numbers"
"H1PN","HDL_1_Particles_nmol_l","HDL Subfraction Particle Numbers"
"H2PN","HDL_2_Particles_nmol_l","HDL Subfraction Particle Numbers"
"H3PN","HDL_3_Particles_nmol_l","HDL Subfraction Particle Numbers"
"H4PN","HDL_4_Particles_nmol_l","HDL Subfraction Particle Numbers"
"VLTG","TG_VLDL_mg_d_l","Main Fractions - Triglycerides"
"IDTG","TG_IDL_mg_d_l","Main Fractions - Triglycerides"
"LDTG","TG_LDL_mg_d_l","Main Fractions - Triglycerides"
"HDTG","TG_HDL_mg_d_l","Main Fractions - Triglycerides"
"VLCH","CHOL_VLDL_mg_d_l","Main Fractions - Cholesterol"
"IDCH","CHOL_IDL_mg_d_l","Main Fractions - Cholesterol"
"VLFC","fCHOL_VLDL_mg_d_l","Main Fractions - Free Cholesterol"
"IDFC","fCHOL_IDL_mg_d_l","Main Fractions - Free Cholesterol"
"LDFC","fCHOL_LDL_mg_d_l","Main Fractions - Free Cholesterol"
"HDFC","fCHOL_HDL_mg_d_l","Main Fractions - Free Cholesterol"
"VLPL","PHOSL_VLDL_mg_d_l","Main Fractions - Phospholipids"
"IDPL","PHOSL_IDL_mg_d_l","Main Fractions - Phospholipids"
"LDPL","PHOSL_LDL_mg_d_l","Main Fractions - Phospholipids"
"HDPL","PHOSL_HDL_mg_d_l","Main Fractions - Phospholipids"
"HDA1","ApoA1_HDL_mg_d_l","Main Fractions - Apolipoproteins"
"HDA2","ApoA2_HDL_mg_d_l","Main Fractions - Apolipoproteins"
"VLAB","ApoB_VLDL_mg_d_l","Main Fractions - Apolipoproteins"
"IDAB","ApoB_IDL_mg_d_l","Main Fractions - Apolipoproteins"
"LDAB","ApoB_LDL_mg_d_l","Main Fractions - Apolipoproteins"
"V1TG","TG_VLDL_1_mg_d_l","VLDL Subfractions - Triglycerides"
"V2TG","TG_VLDL_2_mg_d_l","VLDL Subfractions - Triglycerides"
"V3TG","TG_VLDL_3_mg_d_l","VLDL Subfractions - Triglycerides"
"V4TG","TG_VLDL_4_mg_d_l","VLDL Subfractions - Triglycerides"
"V5TG","TG_VLDL_5_mg_d_l","VLDL Subfractions - Triglycerides"
"V1CH","CHOL_VLDL_1_mg_d_l","VLDL Subfractions - Cholesterol"
"V2CH","CHOL_VLDL_2_mg_d_l","VLDL Subfractions - Cholesterol"
"V3CH","CHOL_VLDL_3_mg_d_l","VLDL Subfractions - Cholesterol"
"V4CH","CHOL_VLDL_4_mg_d_l","VLDL Subfractions - Cholesterol"
"V5CH","CHOL_VLDL_5_mg_d_l","VLDL Subfractions - Cholesterol"
"V1FC","fCHOL_VLDL_1_mg_d_l","VLDL Subfractions - Free Cholesterol"
"V2FC","fCHOL_VLDL_2_mg_d_l","VLDL Subfractions - Free Cholesterol"
"V3FC","fCHOL_VLDL_3_mg_d_l","VLDL Subfractions - Free Cholesterol"
"V4FC","fCHOL_VLDL_4_mg_d_l","VLDL Subfractions - Free Cholesterol"
"V5FC","fCHOL_VLDL_5_mg_d_l","VLDL Subfractions - Free Cholesterol"
"V1PL","PHOSL_VLDL_1_mg_d_l","VLDL Subfractions - Phospholipids"
"V2PL","PHOSL_VLDL_2_mg_d_l","VLDL Subfractions - Phospholipids"
"V3PL","PHOSL_VLDL_3_mg_d_l","VLDL Subfractions - Phospholipids"
"V4PL","PHOSL_VLDL_4_mg_d_l","VLDL Subfractions - Phospholipids"
"V5PL","PHOSL_VLDL_5_mg_d_l","VLDL Subfractions - Phospholipids"
"L1TG","TG_LDL_1_mg_d_l","LDL Subfractions - Triglycerides"
"L2TG","TG_LDL_2_mg_d_l","LDL Subfractions - Triglycerides"
"L3TG","TG_LDL_3_mg_d_l","LDL Subfractions - Triglycerides"
"L4TG","TG_LDL_4_mg_d_l","LDL Subfractions - Triglycerides"
"L5TG","TG_LDL_5_mg_d_l","LDL Subfractions - Triglycerides"
"L6TG","TG_LDL_6_mg_d_l","LDL Subfractions - Triglycerides"
"L1CH","CHOL_LDL_1_mg_d_l","LDL Subfractions - Cholesterol"
"L2CH","CHOL_LDL_2_mg_d_l","LDL Subfractions - Cholesterol"
"L3CH","CHOL_LDL_3_mg_d_l","LDL Subfractions - Cholesterol"
"L4CH","CHOL_LDL_4_mg_d_l","LDL Subfractions - Cholesterol"
"L5CH","CHOL_LDL_5_mg_d_l","LDL Subfractions - Cholesterol"
"L6CH","CHOL_LDL_6_mg_d_l","LDL Subfractions - Cholesterol"
"L1FC","fCHOL_LDL_1_mg_d_l","LDL Subfractions - Free Cholesterol"
"L2FC","fCHOL_LDL_2_mg_d_l","LDL Subfractions - Free Cholesterol"
"L3FC","fCHOL_LDL_3_mg_d_l","LDL Subfractions - Free Cholesterol"
"L4FC","fCHOL_LDL_4_mg_d_l","LDL Subfractions - Free Cholesterol"
"L5FC","fCHOL_LDL_5_mg_d_l","LDL Subfractions - Free Cholesterol"
"L6FC","fCHOL_LDL_6_mg_d_l","LDL Subfractions - Free Cholesterol"
"L1PL","PHOSL_LDL_1_mg_d_l","LDL Subfractions - Phospholipids"
"L2PL","PHOSL_LDL_2_mg_d_l","LDL Subfractions - Phospholipids"
"L3PL","PHOSL_LDL_3_mg_d_l","LDL Subfractions - Phospholipids"
"L4PL","PHOSL_LDL_4_mg_d_l","LDL Subfractions - Phospholipids"
"L5PL","PHOSL_LDL_5_mg_d_l","LDL Subfractions - Phospholipids"
"L6PL","PHOSL_LDL_6_mg_d_l","LDL Subfractions - Phospholipids"
"L1AB","ApoB_LDL_1_mg_d_l","LDL Subfractions - ApoB"
"L2AB","ApoB_LDL_2_mg_d_l","LDL Subfractions - ApoB"
"L3AB","ApoB_LDL_3_mg_d_l","LDL Subfractions - ApoB"
"L4AB","ApoB_LDL_4_mg_d_l","LDL Subfractions - ApoB"
"L5AB","ApoB_LDL_5_mg_d_l","LDL Subfractions - ApoB"
"L6AB","ApoB_LDL_6_mg_d_l","LDL Subfractions - ApoB"
"H1TG","TG_HDL_1_mg_d_l","HDL Subfractions - Triglycerides"
"H2TG","TG_HDL_2_mg_d_l","HDL Subfractions - Triglycerides"
"H3TG","TG_HDL_3_mg_d_l","HDL Subfractions - Triglycerides"
"H4TG","TG_HDL_4_mg_d_l","HDL Subfractions - Triglycerides"
"H1CH","CHOL_HDL_1_mg_d_l","HDL Subfractions - Cholesterol"
"H2CH","CHOL_HDL_2_mg_d_l","HDL Subfractions - Cholesterol"
"H3CH","CHOL_HDL_3_mg_d_l","HDL Subfractions - Cholesterol"
"H4CH","CHOL_HDL_4_mg_d_l","HDL Subfractions - Cholesterol"
"H1FC","fCHOL_HDL_1_mg_d_l","HDL Subfractions - Free Cholesterol"
"H2FC","fCHOL_HDL_2_mg_d_l","HDL Subfractions - Free Cholesterol"
"H3FC","fCHOL_HDL_3_mg_d_l","HDL Subfractions - Free Cholesterol"
"H4FC","fCHOL_HDL_4_mg_d_l","HDL Subfractions - Free Cholesterol"
"H1PL","PHOSL_HDL_1_mg_d_l","HDL Subfractions - Phospholipids"
"H2PL","PHOSL_HDL_2_mg_d_l","HDL Subfractions - Phospholipids"
"H3PL","PHOSL_HDL_3_mg_d_l","HDL Subfractions - Phospholipids"
"H4PL","PHOSL_HDL_4_mg_d_l","HDL Subfractions - Phospholipids"
"H1A1","ApoA1_HDL_1_mg_d_l","HDL Subfractions - ApoA1"
"H2A1","ApoA1_HDL_2_mg_d_l","HDL Subfractions - ApoA1"
"H3A1","ApoA1_HDL_3_mg_d_l","HDL Subfractions - ApoA1"
"H4A1","ApoA1_HDL_4_mg_d_l","HDL Subfractions - ApoA1"
"H1A2","ApoA2_HDL_1_mg_d_l","HDL Subfractions - ApoA2"
"H2A2","ApoA2_HDL_2_mg_d_l","HDL Subfractions - ApoA2"
"H3A2","ApoA2_HDL_3_mg_d_l","HDL Subfractions - ApoA2"
"H4A2","ApoA2_HDL_4_mg_d_l","HDL Subfractions - ApoA2"
"VLVL","VLDL_mg_d_l","Lipoprotein Volumes (main fractions)"
"IDVL","IDL_mg_d_l","Lipoprotein Volumes (main fractions)"
"LDVL","LDL_mg_d_l","Lipoprotein Volumes (main fractions)"
"HDVL","HDL_mg_d_l","Lipoprotein Volumes (main fractions)"
"V1PN","VLDL_1_Particles_nmol_l","VLDL Subfraction Particle Numbers"
"V2PN","VLDL_2_Particles_nmol_l","VLDL Subfraction Particle Numbers"
"V3PN","VLDL_3_Particles_nmol_l","VLDL Subfraction Particle Numbers"
"V4PN","VLDL_4_Particles_nmol_l","VLDL Subfraction Particle Numbers"
"V5PN","VLDL_5_Particles_nmol_l","VLDL Subfraction Particle Numbers"
